{
  "m_Height": 59.59998,
  "m_Name": "Mocing Threshold",
  "m_Width": 441.6,
  "m_X": 87.24991,
  "m_Y": -646.8909,
  "m_Z": 0
}
