{
  "m_Height": 59.59998,
  "m_Name": "Moving Threshold ",
  "m_Width": 441.6,
  "m_X": 87.24992,
  "m_Y": -848.8906,
  "m_Z": 0
}
