{
  "m_Height": 62.30005,
  "m_Name": "Offset",
  "m_Width": 204.6,
  "m_X": -38.74999,
  "m_Y": -271.8904,
  "m_Z": 0
}
