{
  "m_Height": 59.59998,
  "m_Name": "Smooting Stens",
  "m_Width": 441.6,
  "m_X": 74.25009,
  "m_Y": -457.8908,
  "m_Z": 0
}
